{
    "generated_at": "2026-02-19T10:23:12+00:00",
    "php_version": "8.5.3",
    "repeats": 5,
    "warmup": 1,
    "int": {
        "1000": {
            "addAll": {
                "time_ms": {
                    "runs": [
                        89.532672,
                        89.545844,
                        89.562897,
                        90.132432,
                        90.156864
                    ],
                    "min": 89.532672,
                    "max": 90.156864,
                    "avg": 89.7861418,
                    "median": 89.562897
                },
                "mem_mb": {
                    "runs": [
                        0,
                        0,
                        0,
                        0,
                        0
                    ],
                    "min": 0,
                    "max": 0,
                    "avg": 0,
                    "median": 0
                }
            },
            "contains4": {
                "time_ms": {
                    "runs": [
                        1.082061,
                        1.082992,
                        1.09008,
                        1.090701,
                        1.097982
                    ],
                    "min": 1.082061,
                    "max": 1.097982,
                    "avg": 1.0887632,
                    "median": 1.09008
                },
                "mem_mb": {
                    "runs": [
                        0,
                        0,
                        0,
                        0,
                        0
                    ],
                    "min": 0,
                    "max": 0,
                    "avg": 0,
                    "median": 0
                }
            },
            "get3": {
                "time_ms": {
                    "runs": [
                        0.027622,
                        0.027801,
                        0.028878,
                        0.030171,
                        0.03205
                    ],
                    "min": 0.027622,
                    "max": 0.03205,
                    "avg": 0.0293044,
                    "median": 0.028878
                },
                "mem_mb": {
                    "runs": [
                        0,
                        0,
                        0,
                        0,
                        0
                    ],
                    "min": 0,
                    "max": 0,
                    "avg": 0,
                    "median": 0
                }
            },
            "remove3": {
                "time_ms": {
                    "runs": [
                        1.0808,
                        1.083086,
                        1.085487,
                        1.089204,
                        1.089772
                    ],
                    "min": 1.0808,
                    "max": 1.089772,
                    "avg": 1.0856698,
                    "median": 1.085487
                },
                "mem_mb": {
                    "runs": [
                        0,
                        0,
                        0,
                        0,
                        0
                    ],
                    "min": 0,
                    "max": 0,
                    "avg": 0,
                    "median": 0
                }
            }
        },
        "5000": {
            "addAll": {
                "time_ms": {
                    "runs": [
                        2268.193738,
                        2302.135062,
                        2304.337171,
                        2336.906055,
                        2345.646542
                    ],
                    "min": 2268.193738,
                    "max": 2345.646542,
                    "avg": 2311.4437136,
                    "median": 2304.337171
                },
                "mem_mb": {
                    "runs": [
                        0,
                        0,
                        0,
                        0,
                        0
                    ],
                    "min": 0,
                    "max": 0,
                    "avg": 0,
                    "median": 0
                }
            },
            "contains4": {
                "time_ms": {
                    "runs": [
                        5.767559,
                        5.798896,
                        5.839402,
                        5.866468,
                        5.871214
                    ],
                    "min": 5.767559,
                    "max": 5.871214,
                    "avg": 5.828707800000001,
                    "median": 5.839402
                },
                "mem_mb": {
                    "runs": [
                        0,
                        0,
                        0,
                        0,
                        0
                    ],
                    "min": 0,
                    "max": 0,
                    "avg": 0,
                    "median": 0
                }
            },
            "get3": {
                "time_ms": {
                    "runs": [
                        0.139816,
                        0.141327,
                        0.144254,
                        0.150021,
                        0.152552
                    ],
                    "min": 0.139816,
                    "max": 0.152552,
                    "avg": 0.145594,
                    "median": 0.144254
                },
                "mem_mb": {
                    "runs": [
                        0,
                        0,
                        0,
                        0,
                        0
                    ],
                    "min": 0,
                    "max": 0,
                    "avg": 0,
                    "median": 0
                }
            },
            "remove3": {
                "time_ms": {
                    "runs": [
                        5.689553,
                        5.744589,
                        5.762227,
                        5.776712,
                        5.812236
                    ],
                    "min": 5.689553,
                    "max": 5.812236,
                    "avg": 5.7570634,
                    "median": 5.762227
                },
                "mem_mb": {
                    "runs": [
                        0,
                        0,
                        0,
                        0,
                        0
                    ],
                    "min": 0,
                    "max": 0,
                    "avg": 0,
                    "median": 0
                }
            }
        },
        "10000": {
            "addAll": {
                "time_ms": {
                    "runs": [
                        9713.828559,
                        9734.248838,
                        9764.584286,
                        9781.454738,
                        9783.034659
                    ],
                    "min": 9713.828559,
                    "max": 9783.034659,
                    "avg": 9755.430215999999,
                    "median": 9764.584286
                },
                "mem_mb": {
                    "runs": [
                        0,
                        0,
                        0,
                        0,
                        0
                    ],
                    "min": 0,
                    "max": 0,
                    "avg": 0,
                    "median": 0
                }
            },
            "contains4": {
                "time_ms": {
                    "runs": [
                        11.958073,
                        11.95872,
                        11.963416,
                        11.992657,
                        12.020662
                    ],
                    "min": 11.958073,
                    "max": 12.020662,